"Reference","Qty","Value","Exclude from BOM","Footprint","MPN","Manufacturer"
"U27","1","93LCxxBxxOT","","Package_TO_SOT_SMD:SOT-23-6","93LC66BT-I/OT","Microchip Technology"
"Q12,Q13,Q14,Q15,Q16","5","2N7002_SOT-23-3","","antmicro-footprints:SOT-23-3","2N7002","ON Semiconductor"
"Q1,Q2,Q3,Q4,Q5,Q6","6","BSS138PW","","antmicro-footprints:SC70-3","BSS138BKW,115","Nexperia"
"J2","1","Bus_M.2_1-2199230-6","","antmicro-footprints:Bus_M.2_Socket_Key_M_TE_1-2199230-6","1-2199230-6","TE Connectivity"
"C4,C5,C6,C7,C10,C11,C12,C13,C18,C19,C20,C21,C22,C24,C25,C26,C107,C135,C139,C149,C169,C170,C172,C173,C174,C203,C225,C226,C227,C228,C233,C248,C249,C251,C252,C253,C254,C261","38","C_100n_0402","","Capacitor_SMD:C_0402_1005Metric","GRM155R61H104KE14D","Murata"
"C17,C27,C28,C29,C30,C39,C42,C44,C46,C57,C62,C63,C71,C134,C136,C179,C180,C181,C182,C186,C187,C189,C192,C193,C194,C195,C223,C224,C229,C230,C231,C232,C241","33","C_100n_6V3_0402","","Capacitor_SMD:C_0402_1005Metric","0402X104K6R3CT","Walsin"
"C145,C151","2","C_100u_1210","","antmicro-footprints:C_1210_3225Metric","CL32A107MQVNNNE","Samsung Electro-Mechanics"
"C64,C69,C207,C208,C209,C210,C211,C212,C213,C214,C215,C216,C217,C218,C219","15","C_10n_0402","","Capacitor_SMD:C_0402_1005Metric","GRM155R71H103KA88D","Murata"
"C31,C32,C33,C34,C40,C41,C43,C47,C83,C84,C85,C86,C87,C88,C89,C90,C101,C103,C155,C250","20","C_10u_0402","","Capacitor_SMD:C_0402_1005Metric","CC0402MRX5R5BB106","YAGEO"
"C2,C75,C76,C77,C78","5","C_10u_0603","","Capacitor_SMD:C_0603_1608Metric","GRT188R61A106KE13D","Murata"
"C14,C15,C16","3","C_10u_25V_0603","","Capacitor_SMD:C_0603_1608Metric","C1608X5R1E106M080AC","TDK"
"C3,C79,C80,C81,C82","5","C_120p_0402","","Capacitor_SMD:C_0402_1005Metric","C0402C121J5GACTU","KEMET"
"C166,C168","2","C_18p_0402","","Capacitor_SMD:C_0402_1005Metric","CL05C180JB51PNC","Samsung Electro-Mechanics"
"C1","1","C_1n_0402","","Capacitor_SMD:C_0402_1005Metric","GRM1555C1H102JA01D","Murata"
"C176,C220","2","C_22p_0402","","Capacitor_SMD:C_0402_1005Metric","CC0402JRNPO9BN220","YAGEO"
"C183,C184,C185","3","C_2u2_0402","","Capacitor_SMD:C_0402_1005Metric","C1005X5R1A225K050BC","TDK"
"C65,C66,C67","3","C_2u2_0603_25V","","Capacitor_SMD:C_0603_1608Metric","GRM188R61E225KA12D","Murata"
"C8,C9,C35,C36,C37,C38,C49,C50,C51,C52,C53,C54,C55,C56,C58,C59,C60,C61,C109,C110,C111,C112,C113,C114,C115,C116,C117,C118,C119,C120,C121,C122,C123,C124,C125,C126,C127,C128,C129,C130,C131,C132,C138,C140,C141,C142,C143,C144,C146,C148,C152,C153,C157,C159,C161,C163,C165,C167,C171,C175,C197,C201,C202,C204,C205,C221,C234,C235,C236,C237,C238,C239,C240,C242,C243,C244,C255,C256,C257","79","C_470n_0402","","Capacitor_SMD:C_0402_1005Metric","GXT155C80J474KE01D","Murata Electronics"
"C70","1","C_47p_0402","","Capacitor_SMD:C_0402_1005Metric","C0402C470J5GACTU","KEMET"
"C72,C73,C74","3","C_47u_0603","","Capacitor_SMD:C_0603_1608Metric","GRM188R60J476ME15D","Murata"
"C91,C92,C93,C94,C95,C96,C133,C147,C178","9","C_47u_1210","","antmicro-footprints:C_1210_3225Metric","C1210C476K8RAC7210","KEMET"
"C68","1","C_4n7_0402","","Capacitor_SMD:C_0402_1005Metric","CC0402KRX7R0BB472","YAGEO"
"C23,C48,C154,C162,C177,C188,C196,C198,C199,C200,C206,C222,C245,C246,C247,C258","16","C_4u7_0402","","Capacitor_SMD:C_0402_1005Metric","GRM155R61A475MEAAD","Murata"
"C45,C97,C98,C99,C100,C102,C104,C105,C106,C108,C137,C156,C158,C160,C164,C190,C191,C259,C260","19","C_4u7_0603","","Capacitor_SMD:C_0603_1608Metric","C0603C475K9PAC","KEMET"
"C150","1","C_Pol_330u_6.3V_KEMET-T520-D","","antmicro-footprints:C_Pol_EIA-D","T520D337M006ATE045","KEMET"
"U26","1","FT2232HQ","","Package_DFN_QFN:QFN-64-1EP_9x9mm_P0.5mm_EP4.35x4.35mm","FT2232HQ-REEL","FTDI Chip"
"F1","1","F_3A_1206","","antmicro-footprints:F_1206_3216Metric","0466003.NR ","Littelfuse"
"FB4,FB5,FB6","3","FB_120Z_2A_Murata-BLM18PG_0603","","antmicro-footprints:FB_0603_1608Metric","BLM18PG121SN1D","Murata"
"FB1,FB2","2","FB_600Z_0.3A_Murata-BLM15AG_0402","","antmicro-footprints:FB_0402_1005Metric","BLM15AG601SN1D","Murata"
"U20","1","KSZ9031RNXCA","","antmicro-footprints:QFN-48-1EP_7x7x0.9mm_P0.5mm_EP3.5x3.5mm","KSZ9031RNXCA","Microchip Technology"
"U9","1","LM3881","","antmicro-footprints:VSSOP-8_3x3mm_P0.65mm","LM3881MME/NOPB","Texas Instruments"
"J1","1","L834-1G1T-S7","","antmicro-footprints:RJ45_BEL_L834-1G1T-S7","L834-1G1T-S7","Bel Fuse"
"L2,L3,L4,L5,L6","5","L_470n_6.7A_Vishay-IHLP-1212AE-11","","antmicro-footprints:L_Vishay-IHLP-1212AE","IHLP1212AEEZR47M1Z","Vishay"
"L1","1","L_7u2_7.9A_WE-PDF-1064","","antmicro-footprints:L_WE-PDF-1064","7447798720","Würth Elektronik"
"D1","1","LED_G_0603_KP-1608CGCK","","antmicro-footprints:LED_0603_1608Metric_G","SML-D13FWT86C","ROHM Semiconductor"
"D4,D5,D6,D7,D8,D9,D10,D11,D12,D13,D14","11","LED_G_0603_LG_L29K-G2J1-24-Z","","antmicro-footprints:LED_0603_1608Metric_G","SML-D13FWT86C","ROHM Semiconductor"
"U22","1","LSF0101DRYR","","antmicro-footprints:USON-6_1.45x1.0mm_P0.5mm_Texas_DRY6","LSF0101DRYR","Texas Instruments"
"J5,J10","2","Molex_Pico-Lock_1x2_504050-0291","","antmicro-footprints:Conn_Molex_Pico-Lock_1x2_504050-0291","504050-0291","Molex"
"U7","1","MT41K256M16TW-093:P","","artix-dc-scm:BGA96C80P9X16_800X1400X120","MT41K256M16TW-093:P","Micron"
"U6","1","NVT2008BQ,115","","antmicro-footprints:VQFN-20_1EP_4.5x2.5mm_P0.5mm","NVT2008BQ,115","NXP"
"U23,U24","2","Oscillator_24MHz_ASEMB","","antmicro-footprints:Oscillator_SMD_Abracon_ASEMB_3.2x2.5mm","ASEMB-24.000MHZ-LC-T","Abracon"
"U15","1","Oscillator_100MHz_AMJMEFB","","antmicro-footprints:Oscillator_SMD_Abracon_AMJM_3.2x2.5mm","ASEMB-100.000MHZ-XY-T","Abracon"
"D3","1","PDS760","","antmicro-footprints:PowerDI5","PDS760-13","Diodes Incorporated"
"J13","1","PinHeader_1x3_P2.54mm_Drill1.1mm","","antmicro-footprints:PinHeader_1x3_P2.54mm_Drill1.1mm","61300311121","Würth Elektronik"
"J7","1","PinHeader_1x6_P2.54mm_Drill1.1mm","","antmicro-footprints:PinHeader_1x6_P2.54mm_Drill1.1mm","61300611121","Würth Elektronik"
"J6","1","PinHeader_2x7_P2mm_Drill0.9mm_878311420","","antmicro-footprints:PinHeader_2x7_P2mm_Drill0.9mm_878311420","87831-1420 ","Molex"
"J4","1","PinSocket_2x6_P2.54mm_Drill1.02mm_PMOD","","antmicro-footprints:PinSocket_2x6_P2.54mm_Drill1.02mm_PMOD","M20-7830642","Harwin"
"J8","1","Plug_Molex_SlimStack_2x25_529910508","","antmicro-footprints:Conn_Plug_Molex_SlimStack_2x25_529910508","52991-0508","Molex"
"R10,R11,R14,R15,R16,R81,R84,R101,R102,R103,R104,R105,R106,R107,R108,R109,R110,R111,R112,R114,R115,R116,R136,R137,R138,R144,R145,R146,R147,R154,R161,R185","32","R_0R_0402","","antmicro-footprints:R_0402_1005Metric","RC0402JR-7D0RL","YAGEO"
"R139,R140,R141,R142,R188","5","R_0R_0603","","antmicro-footprints:R_0603_1608Metric","CR0603-J/-000ELF","Bourns"
"R69","1","R_0R_1206","","antmicro-footprints:R_1206_3216Metric","CRCW12060000Z0EAHP","Vishay "
"R63,R64,R65,R68,R74,R76,R78,R80,R186,R187","10","R_100k_0402","","antmicro-footprints:R_0402_1005Metric","CR0402-FX-1003GLF","Bourns"
"R86,R87,R143","3","R_100R_0402","","antmicro-footprints:R_0402_1005Metric","RC0402FR-7D100RL","YAGEO"
"R72,R127,R148,R149,R150,R151,R152,R153,R156,R157,R158","11","R_10k2_0402","","antmicro-footprints:R_0402_1005Metric","CR0402-FX-1022GLF","Bourns"
"R17,R19,R20,R29,R30,R31,R32,R33,R34,R35,R36,R37,R38,R39,R40,R41,R42,R43,R44,R57,R58,R59,R61,R91,R92,R93,R113,R189","28","R_10k_0402","","antmicro-footprints:R_0402_1005Metric","CR0402AFX-1002GAS","Bourns"
"R211,R212,R213","3","R_10k_0402","","Resistor_SMD:R_0402_1005Metric","CR0402AFX-1002GAS","Bourns"
"R79","1","R_124k_0402","","antmicro-footprints:R_0402_1005Metric","CR0402-FX-1243GLF","Bourns"
"R3,R159","2","R_12k1_0402","","antmicro-footprints:R_0402_1005Metric","CR0402-FX-1212GLF","Bourns"
"R5,R7","2","R_12k_0402","","antmicro-footprints:R_0402_1005Metric","CR0402-FX-1202GLF","Bourns"
"R66","1","R_16k9_0402","","antmicro-footprints:R_0402_1005Metric","CR0402-FX-1692GLF","Bourns"
"R1,R2,R6,R8,R25,R26,R27,R28,R94,R95,R96,R97,R98,R128,R129,R130,R131,R132,R190","19","R_1k_0402","","antmicro-footprints:R_0402_1005Metric","CR0402-FX-1001GLF","Bourns"
"R214","1","R_1k_0402","","Resistor_SMD:R_0402_1005Metric","CR0402-FX-1001GLF","Bourns"
"R194","1","R_1M8_0402","","antmicro-footprints:R_0402_1005Metric","RC0402FR-131M8L","YAGEO"
"R12,R53,R62,R75","4","R_200k_0402","","antmicro-footprints:R_0402_1005Metric","CR0402-FX-2003GLF","Bourns"
"R88","1","R_200R_0402","","antmicro-footprints:R_0402_1005Metric","CR0402-FX-2000GLF","Bourns"
"R165,R166","2","R_220R_0402","","antmicro-footprints:R_0402_1005Metric","CR0402-FX-2200GLF","Bourns"
"R9,R160,R191,R192,R193,R195,R196","7","R_22R_0402","","antmicro-footprints:R_0402_1005Metric","RC0402FR-7D22RL","YAGEO"
"R60","1","R_240R_0402","","antmicro-footprints:R_0402_1005Metric","CR0402-FX-2400GLF","Bourns"
"R67","1","R_243k_0402","","antmicro-footprints:R_0402_1005Metric","CR0402-FX-2433GLF","Bourns"
"R133","1","R_2k2_0402","","antmicro-footprints:R_0402_1005Metric","AC0402FR-7D2K2L","YAGEO"
"R210","1","R_2k2_0402","","Resistor_SMD:R_0402_1005Metric","AC0402FR-7D2K2L","YAGEO"
"R18","1","R_330R_0402","","antmicro-footprints:R_0402_1005Metric","CR0402-FX-3300GLF","Bourns"
"R198,R199,R200,R201,R202,R203,R204,R205,R206,R207,R208,R209","12","R_33R_0402","","Resistor_SMD:R_0402_1005Metric","MCS04020C3309FE000","Vishay / Beyschlag"
"R45,R46,R47,R48,R49,R50,R51,R52","8","R_357k_0402","","antmicro-footprints:R_0402_1005Metric","CR0402-FX-3573GLF","Bourns"
"R73","1","R_453k_0402","","antmicro-footprints:R_0402_1005Metric","CR0402-FX-4533GLF","Bourns"
"R117,R118,R119,R120,R121,R122,R123,R124,R125,R126","10","R_47k_0402","","antmicro-footprints:R_0402_1005Metric","CR0402-FX-4702GLF","Bourns"
"R70","1","R_49R9_0402","","antmicro-footprints:R_0402_1005Metric","CR0402-FX-49R9GLF","Bourns"
"R13,R21,R22,R23,R24,R85,R89,R90,R134,R135,R155","11","R_4k7_0402","","antmicro-footprints:R_0402_1005Metric","RC0402FR-7D4K7L ","YAGEO"
"R54,R55,R56,R99,R100,R162,R163,R164,R167,R168,R169,R170,R171,R172,R173,R174,R175,R176,R177,R178,R179,R180,R181,R182,R183,R184","26","R_51R_0402","","antmicro-footprints:R_0402_1005Metric","CR0402-FX-51R0GLF","Bourns"
"R71","1","R_53k6_0402","","antmicro-footprints:R_0402_1005Metric","CR0402-FX-5362GLF","Bourns"
"R77","1","R_66k5_0402","","antmicro-footprints:R_0402_1005Metric","CR0402-FX-6652GLF","Bourns"
"Y1","1","Resonator_12MHz_ABM8G","","antmicro-footprints:Resonator_SMD_Abracon_ABM8G_3.2x2.5mm","ABM8G-12.000MHZ-18-D2Y-T","Abracon"
"Y2","1","Resonator_25MHz_ABM8G","","antmicro-footprints:Resonator_SMD_Abracon_ABM8G_3.2x2.5mm","ABM8G-25.000MHZ-18-D2Y-T3","Abracon"
"U1","1","SFEM016GB1ED1TO-I-5E-311-STD","","antmicro-footprints:BGA-170-100_18x14mm_Layout17x10_P1mm","SFEM016GB1ED1TO-I-5E-311-STD","Swissbit"
"D2","1","SP3011-06UTG","","antmicro-footprints:USON-14_3.5x1.35_P0.5mm","SP3011-06UTG","Littelfuse"
"H1","1","Spacer_Drill3.7mm_H2.5mm_9774025151R","","antmicro-footprints:Spacer_Drill3.7mm_H2.5mm_9774025151R","9774025151R","Würth Elektronik"
"H2","1","Spacer_Drill3.7mm_H4mm_9774040151R","","antmicro-footprints:Spacer_Drill3.7mm_H4mm_9774040151R","9774040151R","Würth Elektronik"
"PROG_B1","1","SW_KMR211NGLFS_SMD","","antmicro-footprints:SW_KMR211NGLFS_SMD","KMR211NGLFS","C&K"
"D15","1","TPD2E009_SOT-9X3","","antmicro-footprints:SOT-723","TPD2E009DRTR","Texas Instruments"
"U8","1","TPS51200DRCT","","antmicro-footprints:VSON-10-1EP_3x3mm","TPS51200DRCT","Texas Instruments"
"U10,U11,U12,U13,U16","5","TPS62823DLCT","","antmicro-footprints:QFN-8_2x1.5mm","TPS62823DLCT","Texas Instruments"
"U25","1","TPS54561QDPRRQ1","","antmicro-footprints:WSON-10-1EP_4x4mm_P0.8mm_EP2.6x3mm","TPS54561QDPRRQ1","Texas Instruments"
"U17,U18","2","USB3300-EZK-TR","","antmicro-footprints:QFN-32-1EP_5x5mm","USB3300-EZK-TR","Microchip Technology"
"J3","1","USB-Micro-B_Amphenol_10118192-0001LF","","antmicro-footprints:USB-Micro-B_Receptacle_Amphenol_10118192","10118192-0001LF","Amphenol"
"U2,U3,U4,U5","4","W25Q32JW_SOIC-8","","antmicro-footprints:SOIC-8_5.3x5.3x2mm_P1.27mm","W25Q32JWSSIQ","Winbond"
"U14","1","XC7A100T-FGG484","","antmicro-footprints:BGA-484_23x23mm_Layout22x22_P1mm_FGG484","XC7A100T-2FGG484C","AMD-Xilinx"
